{
  "module": "distribution",
  "samples": 4177,
  "train_samples": 3341,
  "test_samples": 836,
  "target_col": "ATT_FLAG",
  "accuracy": 0.9318181818181818,
  "precision": 0.847457627118644,
  "recall": 0.5102040816326531,
  "f1": 0.6369426751592356,
  "params": {
    "hidden_layer_sizes": [
      256,
      128,
      64
    ],
    "learning_rate_init": 0.0007,
    "alpha": 0.001,
    "max_iter": 600,
    "solver": "adam",
    "balance_classes": false,
    "optimize_threshold": false,
    "threshold_metric": "f1",
    "decision_threshold": 0.5,
    "test_size": 0.2
  },
  "roc_auc": 0.8395415076599745
}