{
  "module": "leak",
  "samples": 5000,
  "train_samples": 4000,
  "test_samples": 1000,
  "target_col": "Leakage_Flag",
  "accuracy": 0.972,
  "precision": 0.8245614035087719,
  "recall": 0.7230769230769231,
  "f1": 0.7704918032786885,
  "params": {
    "hidden_layer_sizes": [
      256,
      128,
      64
    ],
    "learning_rate_init": 0.0007,
    "alpha": 0.001,
    "max_iter": 600,
    "solver": "adam",
    "test_size": 0.2
  },
  "roc_auc": 0.9912464006581653
}